<?xml version="1.0" encoding="UTF-8"?>
<beans xmlns="http://www.springframework.org/schema/beans"
	xmlns:xsi="http://www.w3.org/2001/XMLSchema-instance"
	xmlns:context="http://www.springframework.org/schema/context"
	xsi:schemaLocation="http://www.springframework.org/schema/beans http://www.springframework.org/schema/beans/spring-beans.xsd
		http://www.springframework.org/schema/context http://www.springframework.org/schema/context/spring-context-4.3.xsd">
	
	<context:annotation-config/>
	<bean id="ds" class="org.springframework.jdbc.datasource.DriverManagerDataSource">
		<property name="driverClassName" value="com.mysql.cj.jdbc.Driver"/>
		<property name="url" value="jdbc:mysql://localhost:3306/db_edureka"/>
		<property name="username" value="root"/>
		<property name="password" value="root"/>
	</bean>
	
	<bean id="template" class="org.springframework.jdbc.core.JdbcTemplate">
		<property name="dataSource" ref="ds"/>
	</bean>
	
	<bean class="co.edureka.ems.dao.EmployeeDaoImpl">
		<property name="jt" ref="template"/>
	</bean>
	
	<bean id="emp-service" class="co.edureka.ems.services.EmployeeServiceImpl"/>
</beans>
